record_type,name,index,x_over_length,y_over_length
point,toe_tip,,1,0.194539336
point,heel_top,,0.008099327,0.099702947
point,heel_bottom,,0,0
point,foam_interface_toe_endpoint,,0.98307728,0.152968206
point,foam_interface_heel_endpoint,,0.005409608,0.066727779
point,plate_toe_endpoint,,0.915616152,0.131926201
point,plate_heel_endpoint,,0.049986076,0.065430494
curve,top_surface,0,0.008099327,0.099702947
curve,top_surface,1,0.018018102,0.097059643
curve,top_surface,2,0.027936876,0.094794616
curve,top_surface,3,0.037855651,0.092882339
curve,top_surface,4,0.047774426,0.091299605
curve,top_surface,5,0.0576932,0.090027849
curve,top_surface,6,0.067611975,0.089043862
curve,top_surface,7,0.07753075,0.088326758
curve,top_surface,8,0.087451845,0.087855651
curve,top_surface,9,0.09737062,0.087611975
curve,top_surface,10,0.107289394,0.087570202
curve,top_surface,11,0.117208169,0.087714087
curve,top_surface,12,0.127126944,0.088022743
curve,top_surface,13,0.137045718,0.088475284
curve,top_surface,14,0.146964493,0.089050824
curve,top_surface,15,0.156883268,0.089730796
curve,top_surface,16,0.166802042,0.090496635
curve,top_surface,17,0.176720817,0.091327454
curve,top_surface,18,0.186641912,0.092204688
curve,top_surface,19,0.196560687,0.09310745
curve,top_surface,20,0.206479462,0.094017173
curve,top_surface,21,0.216398236,0.094912973
curve,top_surface,22,0.226317011,0.095778603
curve,top_surface,23,0.236235786,0.096593177
curve,top_surface,24,0.24615456,0.097338129
curve,top_surface,25,0.256073335,0.097994894
curve,top_surface,26,0.26599211,0.098542585
curve,top_surface,27,0.275913205,0.098978881
curve,top_surface,28,0.28583198,0.099310745
curve,top_surface,29,0.295750754,0.099542817
curve,top_surface,30,0.305669529,0.09967974
curve,top_surface,31,0.315588304,0.099730796
curve,top_surface,32,0.325507078,0.099695985
curve,top_surface,33,0.335425853,0.09958459
curve,top_surface,34,0.345344628,0.099403574
curve,top_surface,35,0.355263402,0.099152936
curve,top_surface,36,0.365182177,0.098844279
curve,top_surface,37,0.375103272,0.098479926
curve,top_surface,38,0.385022047,0.098064516
curve,top_surface,39,0.394940822,0.097607333
curve,top_surface,40,0.404859596,0.097110699
curve,top_surface,41,0.414778371,0.096581573
curve,top_surface,42,0.424697146,0.09602692
curve,top_surface,43,0.43461592,0.09544906
curve,top_surface,44,0.444534695,0.094854955
curve,top_surface,45,0.454453469,0.094251566
curve,top_surface,46,0.464374565,0.093643537
curve,top_surface,47,0.47429334,0.093035507
curve,top_surface,48,0.484212114,0.09243676
curve,top_surface,49,0.494130889,0.091847296
curve,top_surface,50,0.504049663,0.091276398
curve,top_surface,51,0.513968438,0.090728707
curve,top_surface,52,0.523887213,0.090211186
curve,top_surface,53,0.533805987,0.089728475
curve,top_surface,54,0.543724762,0.089289858
curve,top_surface,55,0.553643537,0.088899977
curve,top_surface,56,0.563564632,0.088565793
curve,top_surface,57,0.573483407,0.088296589
curve,top_surface,58,0.583402181,0.088099327
curve,top_surface,59,0.593320956,0.087978649
curve,top_surface,60,0.603239731,0.087941518
curve,top_surface,61,0.613158505,0.087999536
curve,top_surface,62,0.62307728,0.088157345
curve,top_surface,63,0.632996055,0.088421908
curve,top_surface,64,0.642914829,0.088802506
curve,top_surface,65,0.652835925,0.089306104
curve,top_surface,66,0.662754699,0.089939661
curve,top_surface,67,0.672673474,0.090712462
curve,top_surface,68,0.682592249,0.091631469
curve,top_surface,69,0.692511023,0.092705964
curve,top_surface,70,0.702429798,0.093945231
curve,top_surface,71,0.712348573,0.095356231
curve,top_surface,72,0.722267347,0.096948248
curve,top_surface,73,0.732186122,0.098730564
curve,top_surface,74,0.742104897,0.100712462
curve,top_surface,75,0.752025992,0.102903226
curve,top_surface,76,0.761944767,0.105314458
curve,top_surface,77,0.771863541,0.107950801
curve,top_surface,78,0.781782316,0.110807612
curve,top_surface,79,0.791701091,0.113866326
curve,top_surface,80,0.801619865,0.11711534
curve,top_surface,81,0.81153864,0.120533767
curve,top_surface,82,0.821457415,0.124110002
curve,top_surface,83,0.831376189,0.127825482
curve,top_surface,84,0.841297285,0.131661638
curve,top_surface,85,0.851216059,0.135604549
curve,top_surface,86,0.861134834,0.139633326
curve,top_surface,87,0.871053609,0.143731724
curve,top_surface,88,0.880972383,0.1478835
curve,top_surface,89,0.890891158,0.152065444
curve,top_surface,90,0.900809933,0.156261314
curve,top_surface,91,0.910728707,0.160452541
curve,top_surface,92,0.920647482,0.16461592
curve,top_surface,93,0.930566257,0.168735205
curve,top_surface,94,0.940487352,0.17278951
curve,top_surface,95,0.950406127,0.176755628
curve,top_surface,96,0.960324901,0.180614992
curve,top_surface,97,0.970243676,0.184346716
curve,top_surface,98,0.980162451,0.187925273
curve,top_surface,99,0.990081225,0.191329775
curve,top_surface,100,1,0.194539336
curve,bottom_surface,0,0,0
curve,bottom_surface,1,0.01,-0.005330703
curve,bottom_surface,2,0.02,-0.010018566
curve,bottom_surface,3,0.03,-0.01410304
curve,bottom_surface,4,0.04,-0.017630541
curve,bottom_surface,5,0.05,-0.020638199
curve,bottom_surface,6,0.06,-0.023165468
curve,bottom_surface,7,0.07,-0.025249478
curve,bottom_surface,8,0.08,-0.026918078
curve,bottom_surface,9,0.09,-0.028208401
curve,bottom_surface,10,0.1,-0.029148294
curve,bottom_surface,11,0.11,-0.029765607
curve,bottom_surface,12,0.12,-0.030090508
curve,bottom_surface,13,0.13,-0.030148526
curve,bottom_surface,14,0.14,-0.029965189
curve,bottom_surface,15,0.15,-0.029635646
curve,bottom_surface,16,0.16,-0.029303783
curve,bottom_surface,17,0.17,-0.028969599
curve,bottom_surface,18,0.18,-0.028637735
curve,bottom_surface,19,0.19,-0.028303551
curve,bottom_surface,20,0.2,-0.027971687
curve,bottom_surface,21,0.21,-0.027639824
curve,bottom_surface,22,0.22,-0.027305639
curve,bottom_surface,23,0.23,-0.026973776
curve,bottom_surface,24,0.24,-0.026641912
curve,bottom_surface,25,0.25,-0.026307728
curve,bottom_surface,26,0.26,-0.025975864
curve,bottom_surface,27,0.27,-0.02564168
curve,bottom_surface,28,0.28,-0.025309817
curve,bottom_surface,29,0.29,-0.024977953
curve,bottom_surface,30,0.3,-0.024643769
curve,bottom_surface,31,0.31,-0.024311905
curve,bottom_surface,32,0.32,-0.023977721
curve,bottom_surface,33,0.33,-0.023645858
curve,bottom_surface,34,0.34,-0.023313994
curve,bottom_surface,35,0.35,-0.02297981
curve,bottom_surface,36,0.36,-0.022647946
curve,bottom_surface,37,0.37,-0.022313762
curve,bottom_surface,38,0.38,-0.021981898
curve,bottom_surface,39,0.39,-0.021650035
curve,bottom_surface,40,0.4,-0.021315851
curve,bottom_surface,41,0.41,-0.020983987
curve,bottom_surface,42,0.42,-0.020649803
curve,bottom_surface,43,0.43,-0.020317939
curve,bottom_surface,44,0.44,-0.019986076
curve,bottom_surface,45,0.45,-0.019651891
curve,bottom_surface,46,0.46,-0.019320028
curve,bottom_surface,47,0.47,-0.018985844
curve,bottom_surface,48,0.48,-0.01865398
curve,bottom_surface,49,0.49,-0.018322117
curve,bottom_surface,50,0.5,-0.017987932
curve,bottom_surface,51,0.51,-0.017656069
curve,bottom_surface,52,0.52,-0.017321884
curve,bottom_surface,53,0.53,-0.016990021
curve,bottom_surface,54,0.54,-0.016658157
curve,bottom_surface,55,0.55,-0.016323973
curve,bottom_surface,56,0.56,-0.01599211
curve,bottom_surface,57,0.57,-0.015660246
curve,bottom_surface,58,0.58,-0.015326062
curve,bottom_surface,59,0.59,-0.014994198
curve,bottom_surface,60,0.6,-0.014660014
curve,bottom_surface,61,0.61,-0.01432815
curve,bottom_surface,62,0.62,-0.013996287
curve,bottom_surface,63,0.63,-0.013662103
curve,bottom_surface,64,0.64,-0.013330239
curve,bottom_surface,65,0.65,-0.012996055
curve,bottom_surface,66,0.66,-0.012664191
curve,bottom_surface,67,0.67,-0.012197726
curve,bottom_surface,68,0.68,-0.011480622
curve,bottom_surface,69,0.69,-0.010498956
curve,bottom_surface,70,0.7,-0.009252727
curve,bottom_surface,71,0.71,-0.007744256
curve,bottom_surface,72,0.72,-0.005978185
curve,bottom_surface,73,0.73,-0.003961476
curve,bottom_surface,74,0.74,-0.00169877
curve,bottom_surface,75,0.75,0.000809933
curve,bottom_surface,76,0.76,0.003555349
curve,bottom_surface,77,0.77,0.006532838
curve,bottom_surface,78,0.78,0.009737758
curve,bottom_surface,79,0.79,0.013160826
curve,bottom_surface,80,0.8,0.016799722
curve,bottom_surface,81,0.81,0.020647482
curve,bottom_surface,82,0.82,0.024701787
curve,bottom_surface,83,0.83,0.028978881
curve,bottom_surface,84,0.84,0.03349501
curve,bottom_surface,85,0.85,0.038266419
curve,bottom_surface,86,0.86,0.043318635
curve,bottom_surface,87,0.87,0.048674867
curve,bottom_surface,88,0.88,0.054369923
curve,bottom_surface,89,0.89,0.060440938
curve,bottom_surface,90,0.9,0.066932003
curve,bottom_surface,91,0.91,0.073905779
curve,bottom_surface,92,0.92,0.081431887
curve,bottom_surface,93,0.93,0.089610118
curve,bottom_surface,94,0.94,0.098568113
curve,bottom_surface,95,0.95,0.108484567
curve,bottom_surface,96,0.96,0.119626363
curve,bottom_surface,97,0.97,0.132408912
curve,bottom_surface,98,0.98,0.147572523
curve,bottom_surface,99,0.99,0.16666744
curve,bottom_surface,100,1,0.194539336
curve,foam_interface,0,0.005409608,0.066727779
curve,foam_interface,1,0.015186818,0.06644233
curve,foam_interface,2,0.024964029,0.066159202
curve,foam_interface,3,0.034741239,0.065873753
curve,foam_interface,4,0.044516129,0.065590624
curve,foam_interface,5,0.05429334,0.065305175
curve,foam_interface,6,0.06407055,0.06503133
curve,foam_interface,7,0.073847761,0.064764447
curve,foam_interface,8,0.08362265,0.064509167
curve,foam_interface,9,0.093399861,0.06426317
curve,foam_interface,10,0.103177071,0.064028777
curve,foam_interface,11,0.112954282,0.063805987
curve,foam_interface,12,0.122729172,0.063592481
curve,foam_interface,13,0.132506382,0.063392899
curve,foam_interface,14,0.142283592,0.063202599
curve,foam_interface,15,0.152060803,0.063026224
curve,foam_interface,16,0.161838013,0.062863773
curve,foam_interface,17,0.171612903,0.062710606
curve,foam_interface,18,0.181390114,0.062573683
curve,foam_interface,19,0.191167324,0.062450685
curve,foam_interface,20,0.200944535,0.06233929
curve,foam_interface,21,0.210719424,0.06224414
curve,foam_interface,22,0.220496635,0.062162915
curve,foam_interface,23,0.230273845,0.062095614
curve,foam_interface,24,0.240051056,0.062044558
curve,foam_interface,25,0.249825946,0.062009747
curve,foam_interface,26,0.259603156,0.061988861
curve,foam_interface,27,0.269380367,0.06198654
curve,foam_interface,28,0.279157577,0.061998143
curve,foam_interface,29,0.288932467,0.062023671
curve,foam_interface,30,0.298709677,0.062060803
curve,foam_interface,31,0.308486888,0.062104897
curve,foam_interface,32,0.318264098,0.062158273
curve,foam_interface,33,0.328038988,0.062213971
curve,foam_interface,34,0.337816199,0.062271989
curve,foam_interface,35,0.347593409,0.062330007
curve,foam_interface,36,0.35737062,0.062388025
curve,foam_interface,37,0.36714783,0.062439081
curve,foam_interface,38,0.37692272,0.062483175
curve,foam_interface,39,0.38669993,0.062517986
curve,foam_interface,40,0.396477141,0.062543514
curve,foam_interface,41,0.406254351,0.062555117
curve,foam_interface,42,0.416029241,0.062548155
curve,foam_interface,43,0.425806452,0.062527269
curve,foam_interface,44,0.435583662,0.062483175
curve,foam_interface,45,0.445360873,0.062418194
curve,foam_interface,46,0.455135762,0.062327686
curve,foam_interface,47,0.464912973,0.062209329
curve,foam_interface,48,0.474690183,0.062063124
curve,foam_interface,49,0.484467394,0.061884428
curve,foam_interface,50,0.494242284,0.061675563
curve,foam_interface,51,0.504019494,0.06144349
curve,foam_interface,52,0.513796705,0.061199814
curve,foam_interface,53,0.523573915,0.060956138
curve,foam_interface,54,0.533351126,0.060721745
curve,foam_interface,55,0.543126015,0.060505918
curve,foam_interface,56,0.552903226,0.060322581
curve,foam_interface,57,0.562680436,0.060181016
curve,foam_interface,58,0.572457647,0.060090508
curve,foam_interface,59,0.582232537,0.06006498
curve,foam_interface,60,0.592009747,0.060111395
curve,foam_interface,61,0.601786958,0.060243676
curve,foam_interface,62,0.611564168,0.060468786
curve,foam_interface,63,0.621339058,0.06080065
curve,foam_interface,64,0.631116268,0.06124855
curve,foam_interface,65,0.640893479,0.061824089
curve,foam_interface,66,0.650670689,0.062536551
curve,foam_interface,67,0.660445579,0.063399861
curve,foam_interface,68,0.67022279,0.064418659
curve,foam_interface,69,0.68,0.06560919
curve,foam_interface,70,0.68977721,0.066978417
curve,foam_interface,71,0.6995521,0.068540265
curve,foam_interface,72,0.709329311,0.070299373
curve,foam_interface,73,0.719106521,0.072248782
curve,foam_interface,74,0.728883732,0.074374565
curve,foam_interface,75,0.738660942,0.07666512
curve,foam_interface,76,0.748435832,0.079106521
curve,foam_interface,77,0.758213042,0.081687166
curve,foam_interface,78,0.767990253,0.084395451
curve,foam_interface,79,0.777767463,0.087217452
curve,foam_interface,80,0.787542353,0.090139243
curve,foam_interface,81,0.797319564,0.093151543
curve,foam_interface,82,0.807096774,0.096238106
curve,foam_interface,83,0.816873985,0.09938965
curve,foam_interface,84,0.826648874,0.102592249
curve,foam_interface,85,0.836426085,0.1058343
curve,foam_interface,86,0.846203295,0.109099559
curve,foam_interface,87,0.855980506,0.112378742
curve,foam_interface,88,0.865755396,0.115657925
curve,foam_interface,89,0.875532606,0.118925505
curve,foam_interface,90,0.885309817,0.122167556
curve,foam_interface,91,0.895087027,0.125372476
curve,foam_interface,92,0.904864238,0.128528661
curve,foam_interface,93,0.914639127,0.131622186
curve,foam_interface,94,0.924416338,0.134671618
curve,foam_interface,95,0.934193548,0.137721049
curve,foam_interface,96,0.943970759,0.14077048
curve,foam_interface,97,0.953745649,0.143819912
curve,foam_interface,98,0.963522859,0.146869343
curve,foam_interface,99,0.97330007,0.149918775
curve,foam_interface,100,0.98307728,0.152968206
